<?xml version="1.0" encoding="UTF-8"?>
<configuration>
	<!-- 콘솔 로그 -->
	<appender name="STDOUT"
		class="ch.qos.logback.core.ConsoleAppender">
		<!-- encoders are assigned the type ch.qos.logback.classic.encoder.PatternLayoutEncoder 
			by default -->
		<encoder>
			<!-- <pattern>%-4relative [%thread] %-5level %logger{35} - %msg %n</pattern> -->
			<!-- <pattern>[%d{yy-MM-dd HH:mm:ss}] [%5p] [%c{1}.%M-%3L] %m %n</pattern> -->
			<pattern>[%d{HH:mm:ss}] [%5p] [%c{1}.%M-%3L] %m %n</pattern>
		</encoder>
	</appender>

	<!-- 날짜별 로그 -->
	<property name="DEV_HOME" value="c:/ssafy/myLog" />
	<appender name="DAILYOUT"
		class="ch.qos.logback.core.rolling.RollingFileAppender">
		<file>${DEV_HOME}/logFile.log</file>
		<rollingPolicy
			class="ch.qos.logback.core.rolling.TimeBasedRollingPolicy">
			<!-- daily rollover -->
			<fileNamePattern>/log/logFile.%d{yyyy-MM-dd}.log</fileNamePattern>
			<!-- keep 30 days' worth of history -->
			<maxHistory>30</maxHistory>
		</rollingPolicy>
		<encoder>
			<pattern>%-4relative [%thread] %-5level %logger{35} - %msg%n
			</pattern>
		</encoder>
	</appender>
	<logger name="qna" level="TRACE"/>
	
	<!-- root 로거 기본 설정(다른 로거들의 최상위로거가 됨. 다른 로거들을 기본적으로 상속받게 됨.) -->
	<root level="INFO">
		<appender-ref ref="STDOUT" />
 		<appender-ref ref="DAILYOUT" /> 
	</root>
	
</configuration> 