<?xml version="1.0" encoding="UTF-8"?>
<!DOCTYPE mapper
  PUBLIC "-//mybatis.org//DTD Mapper 3.0//EN"
  "http://mybatis.org/dtd/mybatis-3-mapper.dtd">


<mapper namespace="answer">
	<insert id="insertAnswer" parameterType="Answer">
		insert into answer(answer, qna_number)
		values(#{answer}, #{qna_number})
	</insert>

	<select id="selectAnswerList" resultMap="AnswerResultMap" parameterType="int">
		select answer, qna_number
		from answer
		where qna_number=#{number}
	</select>

	<resultMap type="Answer" id="AnswerResultMap">
		<id column="answer" property="answer" />
		<id column="qna_number" property="qna_number" />
	</resultMap>
	 

</mapper> 