<?xml version="1.0" encoding="UTF-8"?>
<!DOCTYPE mapper
  PUBLIC "-//mybatis.org//DTD Mapper 3.0//EN"
  "http://mybatis.org/dtd/mybatis-3-mapper.dtd">


<mapper namespace="qna">
	<insert id="insertQna" parameterType="Qna">
		insert into qna(number, title, contents)
		values(#{number}, #{title}, #{contents})
	</insert>
	<update id="updateQna" parameterType="Qna">
		update qna
		set number = #{number},
		title= #{title},
		contents = #{contents}
		where number = #{number}

	</update>
	<delete id="deleteQna" parameterType="int">
		delete from qna where number=#{number}
	</delete>

	<select id="selectQna" parameterType="int" resultType="Qna">
		select  number, title, contents,
		from qna
		where number = #{number}
	</select>

	<select id="selectQnaList" resultMap="QnaResultMap">
		select number, title, contents
		from qna
	</select>

	<resultMap type="Qna" id="QnaResultMap">
		<id column="number" property="number" />
		<result column="title" property="title" />
		<result column="contents" property="contents" />
	</resultMap>
	 
	<select id="selectQnaByTitle" resultMap="QnaResultMap" parameterType="String">
		select number, title, contents
		from qna
		where title like concat('%','#{title}', '%')
	</select>
</mapper> 